{
  "feature_cols": [
    "rsi_14",
    "rsi_28",
    "macd",
    "macd_signal",
    "macd_hist",
    "roc_6",
    "roc_12",
    "ema_9",
    "ema_21",
    "ema_50",
    "sma_20",
    "sma_50",
    "adx_14",
    "atr_14",
    "atr_ratio",
    "atr_pct_28",
    "bb_upper",
    "bb_middle",
    "bb_lower",
    "bb_width",
    "bb_position",
    "obv",
    "volume_sma_20",
    "volume_ratio",
    "returns_1",
    "returns_4",
    "returns_24",
    "volatility_24",
    "volatility_ratio",
    "high_low_ratio",
    "close_vs_sma20",
    "close_vs_sma50",
    "ema_cross_9_21",
    "ema_cross_21_50",
    "body_ratio",
    "upper_shadow",
    "lower_shadow",
    "stoch_rsi_k",
    "stoch_rsi_d",
    "cci_20",
    "mfi_14",
    "williams_r_14",
    "ema_9_slope",
    "ema_21_slope",
    "log_returns_1",
    "log_returns_4"
  ],
  "lookback": 50,
  "feat_mean": [
    49.41662267440273,
    49.06954833357399,
    -37.47165528690028,
    -37.125181649845985,
    -0.3464736370542946,
    -0.06338009435947427,
    -0.1320073278764752,
    47733.63639127927,
    47766.068070744936,
    47840.95432629778,
    47756.88111660506,
    47819.02120553483,
    27.832292602919683,
    641.7904884891742,
    0.01760647346512233,
    1.770622464672247,
    49158.72314392753,
    47756.88111660506,
    46355.03908928257,
    0.07714126436931065,
    0.4971759386715318,
    -17912140.82555097,
    327554.44190369145,
    1.019699538264285,
    -0.00010828488191834755,
    -0.00041450072068314466,
    -0.0028512978749241314,
    0.011244577301396165,
    1.022785905218107,
    0.5164539199344087,
    -0.001623881431987696,
    -0.004230131687138305,
    -0.001220182870749481,
    -0.0028198787635308727,
    0.008213661043438037,
    0.2788074050815959,
    0.303501583908351,
    0.5068973277602777,
    0.5067804218091163,
    -0.469590525895431,
    48.82960536951473,
    -49.21448422163102,
    -0.0006300702541470144,
    -0.0006771519954373279,
    -0.00018480467928890304,
    -0.0007345830201072224
  ],
  "feat_std": [
    12.582143187486327,
    9.476172832115077,
    631.7818577070939,
    593.754853058076,
    192.7642609988633,
    3.0587975939263554,
    4.267475348267128,
    46483.29489717419,
    46491.25666492617,
    46510.110210608655,
    46501.37631443832,
    46531.783383477006,
    12.318521391038178,
    646.6020046797905,
    0.007424816951609649,
    0.6814472678514079,
    47761.89413600467,
    46501.37631443832,
    45266.48724443126,
    0.051889725703201516,
    0.32842671991476596,
    20187989.892446768,
    359209.62526716635,
    0.6840552806325539,
    0.012357728004137808,
    0.02524220571140986,
    0.059342609531500536,
    0.005216639736841813,
    0.34002229932200484,
    0.2715015159777461,
    0.030554766978301152,
    0.04851971047959697,
    0.01334375234576118,
    0.02113762943173861,
    0.48564378019672566,
    0.195660985924633,
    0.2036572066989,
    0.362612524468026,
    0.32960717756451585,
    115.75917701108237,
    18.375345743336258,
    27.485683796574833,
    0.014471171434863216,
    0.010033615306302939,
    0.01237909371184473,
    0.025332209550934914
  ],
  "total_timesteps": 80000
}